shoulder link,upper arm link,forearm link,wrist1 link,wrist2 link,wrist3 link
8.286535719976025e-05,0.00029414133680855586,0.0011250384991949112,0.0008649808749089958,0.001850680033291806,0.011890721368799798
